{
	"format_version": "1.10.0",
	"particle_effect": {
		"description": {
			"identifier": "galaxite:confetti",
			"basic_render_parameters": {
				"material": "particles_alpha",
				"texture": "textures/particle/confetti"
			}
		},
		"curves": {
			"variable.size": {
				"type": "catmull_rom",
				"input": "variable.particle_age",
				"horizontal_range": "variable.particle_lifetime",
				"nodes": [
					0.96,
					0.15,
					0.2,
					0,
					0.94
				]
			},
			"variable.colour": {
				"type": "catmull_rom",
				"input": "variable.particle_random_2",
				"horizontal_range": 1,
				"nodes": [
					1,
					0,
					1,
					0
				]
			}
		},
		"components": {
			"minecraft:emitter_rate_instant": {
				"num_particles": "Math.random(75,100)"
			},
			"minecraft:emitter_lifetime_looping": {
				"active_time": 2.65
			},
			"minecraft:emitter_shape_point": {
				"direction": [
					"Math.random(-0.5,0.5)",
					1,
					"Math.random(-0.5,0.5)"
				]
			},
			"minecraft:particle_lifetime_expression": {
				"max_lifetime": "Math.random(2.5,2.8)"
			},
			"minecraft:particle_initial_spin": {
				"rotation": "variable.particle_random_1 < 0.5 ? Math.random(-45,10) : Math.random(10,45)",
				"rotation_rate": "variable.particle_random_1 < 0.5 ? Math.random(-5,-10) : Math.random(5,10)"
			},
			"minecraft:particle_initial_speed": "Math.random(15,20)",
			"minecraft:particle_motion_dynamic": {
				"linear_acceleration": [
					0,
					-9.8,
					0
				],
				"linear_drag_coefficient": 2.5,
				"rotation_drag_coefficient": 1
			},
			"minecraft:particle_appearance_billboard": {
				"size": [
					"variable.particle_random_3 < 0.25 ? 0.05 : variable.size",
					"variable.particle_random_3 < 0.25 ? 0.05 : variable.size"
				],
				"facing_camera_mode": "rotate_xyz",
				"uv": {
					"texture_width": 6,
					"texture_height": 12,
					"uv": [
						0,
						"Math.round(variable.particle_random_2)*6"
					],
					"uv_size": [
						6,
						6
					]
				}
			},
			"minecraft:particle_motion_collision": {
				"collision_radius": 0.1
			},
			"minecraft:particle_appearance_lighting": {},
			"minecraft:particle_appearance_tinting": {
				"color": {
					"interpolant": "variable.colour",
					"gradient": {
						"0.0": "#FFFF0000",
						"0.2": "#FFFFE400",
						"0.4": "#FF26FF00",
						"0.6": "#FF00FFF8",
						"0.8": "#FF1C00FF",
						"1.0": "#FFFF00FF"
					}
				}
			}
		}
	}
}
