{
	"format_version": "1.10.0",
	"particle_effect": {
		"description": {
			"identifier": "mmo:party_member",
			"basic_render_parameters": {
				"material": "particles_alpha",
				"texture": "textures/particle/mmo/party_member"
			}
		},
		"curves": {
			"variable.size": {
				"type": "catmull_rom",
				"input": "variable.particle_age",
				"horizontal_range": "variable.particle_lifetime",
				"nodes": [0.96, 0.15, 0.2, 0, 0.94]
			}
		},
		"components": {
			"minecraft:emitter_rate_steady": {
				"spawn_rate": 1,
				"max_particles": 100
			},
			"minecraft:emitter_lifetime_looping": {
				"active_time": 1
			},
			"minecraft:emitter_shape_point": {},
			"minecraft:particle_lifetime_expression": {
				"max_lifetime": 1
			},
			"minecraft:particle_initial_speed": 1,
			"minecraft:particle_motion_dynamic": {},
			"minecraft:particle_appearance_billboard": {
				"size": [0.5, 0.5],
				"facing_camera_mode": "rotate_xyz",
				"uv": {
					"texture_width": 16,
					"texture_height": 16,
					"uv": [0, 0],
					"uv_size": [16, 16]
				}
			},
			"minecraft:particle_appearance_tinting": {
				"color": [1, 1, 1, 0]
			}
		}
	}
}
