{
	"format_version": "1.10.0",
	"particle_effect": {
		"description": {
			"identifier": "mmo:star",
			"basic_render_parameters": {
				"material": "particles_alpha",
				"texture": "textures/particle/mmo/star"
			}
		},
		"components": {
			"minecraft:emitter_rate_steady": {
				"spawn_rate": 1,
				"max_particles": 100
			},
			"minecraft:emitter_lifetime_once": {
				"active_time": 0.1
			},
			"minecraft:emitter_shape_sphere": {
				"direction": "outwards"
			},
			"minecraft:particle_lifetime_expression": {
				"max_lifetime": 1
			},
			"minecraft:particle_initial_speed": 0,
			"minecraft:particle_motion_dynamic": {},
			"minecraft:particle_appearance_billboard": {
				"size": [0.1, 0.1],
				"facing_camera_mode": "rotate_xyz",
				"uv": {
					"texture_width": 16,
					"texture_height": 16,
					"uv": [0, 0],
					"uv_size": [16, 16]
				}
			},
			"minecraft:particle_appearance_lighting": {},
			"minecraft:particle_appearance_tinting": {
				"color": ["Math.clamp(variable.color.r, 255, 1)", "Math.clamp(variable.color.g, 0, 1)", "Math.clamp(variable.color.b, 0, 1)", 1]
			}
		}
	}
}